{
  "data": [
    {
      "featured": 0,
      "color": "",
      "year": 2016,
      "latitude": "-26.24172401",
      "rating": "5",
      "description": "",
      "title": "CASA ALV. BAIRRO PLANALTO",
      "type": "Casa",
      "data_created": "",
      "features": "[]",
      "real_estate_name": "Solar Imóveis",
      "price": "R$ 550,00",
      "id": "56",
      "gallery": [
        "8772_56.JPG",
        "8175_1921.png",
        "8592_1938.png",
        "4001_1659.png",
        "3847_1652.png",
        "145_1378.png"
      ],
      "item_specific": {
        "bedrooms": 1,
        "garages": 1,
        "area": 0,
        "rooms": 0,
        "bathrooms": 1
      },
      "real_estate_phone": "(46)3225-8800",
      "longitude": "-52.70866013",
      "person_id": 1,
      "last_review_rating": 5,
      "url": "",
      "type_icon": "assets/icons/real-estate/house.png",
      "baseUrl": "https://widesysw2.s3.amazonaws.com/images/widesys/produtos/",
      "special_offer": 0,
      "last_review": "",
      "location": "R. dos Pica-Paus, 238 - Planalto II, Pato Branco - PR, Brasil",
      "category": "Locação"
    },
    {
      "featured": 0,
      "color": "",
      "year": 2016,
      "latitude": "-26.22868538",
      "rating": "5",
      "description": "<p>COM COZINHA SOB MEDIDA</p>",
      "title": "EDIFÍCIO VILA NAPOLE",
      "type": "Apartamento",
      "data_created": "",
      "features": "[]",
      "real_estate_name": "Solar Imóveis",
      "price": "R$ 1.200,00",
      "id": "91",
      "gallery": [
        "8175_1921.png",
        "8837_91.JPG",
        "8592_1938.png",
        "4001_1659.png",
        "3847_1652.png",
        "145_1378.png",
        "8828_91.JPG"
      ],
      "item_specific": {
        "bedrooms": 0,
        "garages": 0,
        "area": 0,
        "rooms": 0,
        "bathrooms": 0
      },
      "real_estate_phone": "(46)3225-8800",
      "longitude": "-52.67673874",
      "person_id": 1,
      "last_review_rating": 5,
      "url": "",
      "type_icon": "assets/icons/real-estate/apartment-3.png",
      "baseUrl": "https://widesysw2.s3.amazonaws.com/images/widesys/produtos/",
      "special_offer": 0,
      "last_review": "",
      "location": "R. Paraná, 835 - Centro, Pato Branco - PR, 85501-090, Brasil",
      "category": "Locação"
    },
    {
      "featured": 0,
      "color": "",
      "year": 2016,
      "latitude": "-26.23071480",
      "rating": "5",
      "description": "",
      "title": "EDIFÍCIO LEONIDAS DE OLIVEIRA",
      "type": "Apartamento",
      "data_created": "",
      "features": "[]",
      "real_estate_name": "Solar Imóveis",
      "price": "R$ 1.100,00",
      "id": "124",
      "gallery": [
        "8175_1921.png",
        "8592_1938.png",
        "5676_124.jpg",
        "4001_1659.png",
        "3847_1652.png",
        "145_1378.png",
        "5643_124.jpg"
      ],
      "item_specific": {
        "bedrooms": 0,
        "garages": 1,
        "area": 140,
        "rooms": 0,
        "bathrooms": 0
      },
      "real_estate_phone": "(46)3225-8800",
      "longitude": "-52.66409683",
      "person_id": 1,
      "last_review_rating": 5,
      "url": "",
      "type_icon": "assets/icons/real-estate/apartment-3.png",
      "baseUrl": "https://widesysw2.s3.amazonaws.com/images/widesys/produtos/",
      "special_offer": 0,
      "last_review": "",
      "location": "Rua Sergipe, 23 - La Salle, Pato Branco - PR, 85505-250, Brasil",
      "category": "Locação"
    },
    {
      "featured": 0,
      "color": "",
      "year": 2016,
      "latitude": "-26.23307228",
      "rating": "5",
      "description": "",
      "title": "EDIFÍCIO PRIMAVERA",
      "type": "Apartamento",
      "data_created": "",
      "features": "[]",
      "real_estate_name": "Solar Imóveis",
      "price": "R$ 750,00",
      "id": "214",
      "gallery": [
        "8175_1921.png",
        "8592_1938.png",
        "5537_214.jpg",
        "4001_1659.png",
        "3847_1652.png",
        "145_1378.png",
        "5543_214.jpg",
        "5539_214.jpg"
      ],
      "item_specific": {
        "bedrooms": 1,
        "garages": 1,
        "area": 0,
        "rooms": 0,
        "bathrooms": 1
      },
      "real_estate_phone": "(46)3225-8800",
      "longitude": "-52.68457413",
      "person_id": 1,
      "last_review_rating": 5,
      "url": "",
      "type_icon": "assets/icons/real-estate/apartment-3.png",
      "baseUrl": "https://widesysw2.s3.amazonaws.com/images/widesys/produtos/",
      "special_offer": 0,
      "last_review": "",
      "location": "Condomínio do Edif. Residencial Primavera - Rua Pedro Ramires de Melo, 1325",
      "category": "Locação"
    },
    {
      "featured": 0,
      "color": "",
      "year": 2016,
      "latitude": "-26.24530983",
      "rating": "5",
      "description": "",
      "title": "CASA ALV. BAIRRO PINHEIRINHO",
      "type": "Casa",
      "data_created": "",
      "features": "[]",
      "real_estate_name": "Solar Imóveis",
      "price": "R$ 650,00",
      "id": "240",
      "gallery": [
        "8175_1921.png",
        "10105_240.jpg",
        "8592_1938.png",
        "4001_1659.png",
        "3847_1652.png"
      ],
      "item_specific": {
        "bedrooms": 1,
        "garages": 0,
        "area": 0,
        "rooms": 0,
        "bathrooms": 1
      },
      "real_estate_phone": "(46)3225-8800",
      "longitude": "-52.67984009",
      "person_id": 1,
      "last_review_rating": 5,
      "url": "",
      "type_icon": "assets/icons/real-estate/house.png",
      "baseUrl": "https://widesysw2.s3.amazonaws.com/images/widesys/produtos/",
      "special_offer": 0,
      "last_review": "",
      "location": "R. Matias de Albuquerque, 1160 - Pinheirinho, Pato Branco - PR, 85506-170, ",
      "category": "Locação"
    },
    {
      "featured": 0,
      "color": "",
      "year": 2016,
      "latitude": "-26.22824478",
      "rating": "5",
      "description": "",
      "title": "EDIFÍCIO VILA REALY ",
      "type": "Apartamento",
      "data_created": "",
      "features": "[]",
      "real_estate_name": "Solar Imóveis",
      "price": "R$ 570,00",
      "id": "607",
      "gallery": [
        "8175_1921.png",
        "8592_1938.png",
        "8130_607.jpg",
        "4001_1659.png",
        "3847_1652.png",
        "145_1378.png",
        "8128_607.jpg"
      ],
      "item_specific": {
        "bedrooms": 1,
        "garages": 1,
        "area": 0,
        "rooms": 0,
        "bathrooms": 1
      },
      "real_estate_phone": "(46)3225-8800",
      "longitude": "-52.67550278",
      "person_id": 1,
      "last_review_rating": 5,
      "url": "",
      "type_icon": "assets/icons/real-estate/apartment-3.png",
      "baseUrl": "https://widesysw2.s3.amazonaws.com/images/widesys/produtos/",
      "special_offer": 0,
      "last_review": "",
      "location": "Av. Brasil, 755 - Centro, Pato Branco - PR, 85501-080, Brasil",
      "category": "Locação"
    }
  ]
}
